status,ex_id_or_norm_key,file,sheet,raw_text
resolved,ex_004,periodized_lifting.xlsx,Strength,Bulgarian split squat
resolved,ex_004,periodized_lifting.xlsx,Strength,Bulgarian split squat
resolved,ex_006,periodized_lifting.xlsx,Strength-Power,SL RDL
resolved,ex_006,periodized_lifting.xlsx,Strength-Power,SL RDL
resolved,ex_006,periodized_lifting.xlsx,Strength-Power,SL RDL
resolved,ex_006,periodized_lifting.xlsx,Strength-Power,SL RDL
resolved,ex_009,periodized_lifting.xlsx,Strength,Landmine Lateral Lunge
resolved,ex_009,periodized_lifting.xlsx,Strength,Landmine Lateral Lunge
resolved,ex_024,periodized_lifting.xlsx,Strength,Pushup
resolved,ex_024,periodized_lifting.xlsx,Strength,Pushup
resolved,ex_038,periodized_lifting.xlsx,Hypertrophy,Prone T
resolved,ex_038,periodized_lifting.xlsx,Hypertrophy,Prone T
resolved,ex_038,periodized_lifting.xlsx,Hypertrophy,Prone T
resolved,ex_041,the_program.xlsx,Arm Care Heavy,Full pronation
resolved,ex_041,maintenance_plan.xlsx,Sheet1,Full Pronation
resolved,ex_044,the_program.xlsx,Dugout Routines,Shaker ball series
resolved,ex_044,the_program.xlsx,Dugout Routines,Shaker ball series
resolved,ex_044,the_program.xlsx,Dugout Routines,Shaker ball series
resolved,ex_051,the_program.xlsx,Arm Care Heavy,Wall sit serratus scoop
resolved,ex_051,periodized_lifting.xlsx,Strength,Wall sit serratus scoop
resolved,ex_051,periodized_lifting.xlsx,Strength,Wall sit serratus scoop
resolved,ex_051,periodized_lifting.xlsx,Strength,Wall sit serratus scoop
resolved,ex_051,periodized_lifting.xlsx,Strength,Wall sit serratus scoop
resolved,ex_053,maintenance_plan.xlsx,Sheet1,Eccentric IR
resolved,ex_054,the_program.xlsx,Dugout Routines,Eccentric pec lowering
resolved,ex_054,the_program.xlsx,Dugout Routines,Eccentric pec lowering
resolved,ex_063,periodized_lifting.xlsx,Strength-Power,Calf raise
resolved,ex_063,periodized_lifting.xlsx,Strength-Power,Calf raise
resolved,ex_063,periodized_lifting.xlsx,Strength-Power,Calf raise
resolved,ex_063,periodized_lifting.xlsx,Strength-Power,Calf raise
resolved,ex_064,the_program.xlsx,Arm Care Light ,Arm car standing
resolved,ex_065,the_program.xlsx,Arm Care Light ,Pot stir
resolved,ex_066,the_program.xlsx,Dynamic Warmup,Driveline cuff Swingers
resolved,ex_066,the_program.xlsx,Post Throw Stretch,Driveline cuff Swingers
resolved,ex_067,the_program.xlsx,Dugout Routines,Flip ups
resolved,ex_067,periodized_lifting.xlsx,Strength,Flip ups
resolved,ex_067,periodized_lifting.xlsx,Strength,Flip ups
resolved,ex_068,the_program.xlsx,Dugout Routines,Ball drops
resolved,ex_068,the_program.xlsx,Dugout Routines,Ball drops
resolved,ex_069,the_program.xlsx,Arm Care Heavy,Fingertip ball drops ￼
resolved,ex_069,the_program.xlsx,Dugout Routines,Fingertip Drops
resolved,ex_069,the_program.xlsx,Dugout Routines,Fingertip Drops
resolved,ex_070,the_program.xlsx,Dugout Routines,Flexor pressout
resolved,ex_070,the_program.xlsx,Dugout Routines,Flexor pressout
resolved,ex_070,maintenance_plan.xlsx,Sheet1,Flexor pressout
resolved,ex_070,maintenance_plan.xlsx,Sheet1,Flexor pressout
resolved,ex_071,the_program.xlsx,Dynamic Warmup,pronator press out
resolved,ex_071,the_program.xlsx,Arm Care Light ,Pronator press out
resolved,ex_071,maintenance_plan.xlsx,Sheet1,Pronator pressout
resolved,ex_072,the_program.xlsx,Arm Care Light ,Moving flexor iso
resolved,ex_073,maintenance_plan.xlsx,Sheet1,Ulnar deviation
resolved,ex_073,maintenance_plan.xlsx,Sheet1,Ulnar deviation
resolved,ex_077,the_program.xlsx,Arm Care Light ,Chair pose snow angel
resolved,ex_078,the_program.xlsx,Arm Care Light ,Prone T ER roll
resolved,ex_079,the_program.xlsx,Arm Care Light ,Weighted PNF
resolved,ex_082,the_program.xlsx,Arm Care Heavy,Tricep kickback to wrist curl
resolved,ex_083,the_program.xlsx,Dugout Routines,Bicep curl to pressout
resolved,ex_086,the_program.xlsx,Arm Care Light ,Lat Hang
resolved,ex_086,the_program.xlsx,Dugout Routines,Lat hang
resolved,ex_087,the_program.xlsx,Post Throw Stretch,Modified sleeper contract relax
resolved,ex_087,the_program.xlsx,Arm Care Light ,Modified sleeper contract relax
resolved,ex_088,the_program.xlsx,Post Throw Stretch,Wrist 3 way
resolved,ex_088,the_program.xlsx,Dugout Routines,Wrist 3 way
resolved,ex_088,maintenance_plan.xlsx,Sheet1,Wrist 3 way
resolved,ex_091,the_program.xlsx,Plyocare ,Decel swings
resolved,ex_092,the_program.xlsx,Dugout Routines,Gyro ball
resolved,ex_092,the_program.xlsx,Dugout Routines,Gyro Ball
resolved,ex_093,the_program.xlsx,Dugout Routines,Wrist dribble
resolved,ex_093,periodized_lifting.xlsx,Strength,Wrist Dribble
resolved,ex_093,periodized_lifting.xlsx,Strength,Wrist Dribble
resolved,ex_093,periodized_lifting.xlsx,Strength,Wrist Dribble
resolved,ex_093,periodized_lifting.xlsx,Strength,Wrist Dribble
resolved,ex_093,periodized_lifting.xlsx,Strength-Power,Wrist Dribble
resolved,ex_093,periodized_lifting.xlsx,Strength-Power,Wrist Dribble
resolved,ex_093,periodized_lifting.xlsx,Strength-Power,Wrist Dribble
resolved,ex_093,periodized_lifting.xlsx,Strength-Power,Wrist Dribble
resolved,ex_094,the_program.xlsx,Dugout Routines,Heavy ball swing series
resolved,ex_094,the_program.xlsx,Dugout Routines,Heavy ball swing series
resolved,ex_118,the_program.xlsx,Inseason SplitRoutine,Short box
resolved,ex_118,the_program.xlsx,Inseason SplitRoutine,Short box
resolved,ex_119,the_program.xlsx,Plyocare ,Bullpen
resolved,ex_129,periodized_lifting.xlsx,Strength,Lat Pulldown
resolved,ex_129,periodized_lifting.xlsx,Strength,Lat Pulldown
resolved,ex_130,periodized_lifting.xlsx,Hypertrophy,Barbell row
resolved,ex_130,periodized_lifting.xlsx,Strength,Barbell row
resolved,ex_130,periodized_lifting.xlsx,Strength,Barbell row
resolved,ex_130,periodized_lifting.xlsx,Strength,Barbell row
resolved,ex_130,periodized_lifting.xlsx,Strength,Barbell row
resolved,ex_134,periodized_lifting.xlsx,Hypertrophy,Copenhagen Plank
resolved,ex_134,periodized_lifting.xlsx,Hypertrophy,Copenhagen Plank
resolved,ex_134,periodized_lifting.xlsx,Strength,Copenhagen Plank
resolved,ex_134,periodized_lifting.xlsx,Strength,Copenhagen Plank
unresolved,1 4 turkish press,periodized_lifting.xlsx,Strength,1/4 Turkish press
unresolved,1 4 turkish press,periodized_lifting.xlsx,Strength,1/4 Turkish press
unresolved,1 4 turkish press,periodized_lifting.xlsx,Strength-Power,1/4 Turkish press
unresolved,1 4 turkish press,periodized_lifting.xlsx,Strength-Power,1/4 Turkish press
unresolved,1 4 turkish press,periodized_lifting.xlsx,Strength-Power,1/4 Turkish press
unresolved,1 4 turkish press,periodized_lifting.xlsx,Strength-Power,1/4 Turkish press
unresolved,10 each direction,the_program.xlsx,Post Throw Stretch,10 each direction
unresolved,10 sec hold to 10 rotations,the_program.xlsx,Arm Care Light ,10 sec hold to 10 rotations
unresolved,1x20 30 swings each direction,the_program.xlsx,Arm Care Light ,1X20-30 swings each direction
unresolved,2 cycles,the_program.xlsx,Dynamic Warmup,2 cycles
unresolved,2 rounds 3 bouts 10 5 contract 5 contract,the_program.xlsx,Arm Care Light ,2 rounds 3 bouts 10/5 contract/5 contract
unresolved,20 sec on 10 sec off,periodized_lifting.xlsx,Strength,20 sec on/10 sec off
unresolved,20 sec on 10 sec off,periodized_lifting.xlsx,Strength,20 sec on/10 sec off
unresolved,20 sec on 10 sec off,periodized_lifting.xlsx,Strength,20 sec on/10 sec off
unresolved,20 sec on 10 sec off,periodized_lifting.xlsx,Strength,20 sec on/10 sec off
unresolved,20 sec on 10 sec off,periodized_lifting.xlsx,Strength,20 sec on/10 sec off
unresolved,20 sec on 10 sec off,periodized_lifting.xlsx,Strength,20 sec on/10 sec off
unresolved,20 throws,the_program.xlsx,Plyocare ,20 throws
unresolved,20 throws,the_program.xlsx,Plyocare ,20 throws
unresolved,2x10 15 ball drops,the_program.xlsx,Arm Care Heavy,2X10/15 ball drops
unresolved,2x10 drops each finger,the_program.xlsx,Arm Care Heavy,2X10 drops each finger
unresolved,2x10 second hold into 5 active reps,the_program.xlsx,Arm Care Light ,2X10 second hold into 5 active reps
unresolved,2x16 touches 8 each,the_program.xlsx,Arm Care Light ,2X16 touches (8 each
unresolved,2x20 sec each,the_program.xlsx,Post Throw Stretch,2X20 sec each
unresolved,2x20 steps ea hand,periodized_lifting.xlsx,Strength,2x20 steps ea hand
unresolved,2x20 steps ea hand,periodized_lifting.xlsx,Strength,2x20 steps ea hand
unresolved,2x5 deep breaths,maintenance_plan.xlsx,Sheet1,2X5 deep breaths
unresolved,2x8 each direction,maintenance_plan.xlsx,Sheet1,2X8 each direction
unresolved,3 each leg,maintenance_plan.xlsx,Sheet1,3 each leg
unresolved,3 reps each leg,the_program.xlsx,Arm Care Light ,3 reps each leg
unresolved,3 sets your choice,the_program.xlsx,Arm Care Heavy,3 sets your choice
unresolved,3x16 20 8 10ea,periodized_lifting.xlsx,Strength,3x16-20 (8-10ea)
unresolved,3x16 20 8 10ea,periodized_lifting.xlsx,Strength,3x16-20 (8-10ea)
unresolved,3x5 banded with wt,periodized_lifting.xlsx,Strength-Power,3x5 banded with wt
unresolved,3x5 banded with wt,periodized_lifting.xlsx,Strength-Power,3x5 banded with wt
unresolved,3x5 banded with wt,periodized_lifting.xlsx,Strength-Power,3x5 banded with wt
unresolved,3x5 banded with wt,periodized_lifting.xlsx,Strength-Power,3x5 banded with wt
unresolved,3x5 row to 5 drop rows,periodized_lifting.xlsx,Strength-Power,3x5 row to 5 drop rows
unresolved,3x5 row to 5 drop rows,periodized_lifting.xlsx,Strength-Power,3x5 row to 5 drop rows
unresolved,3x5 row to 5 drop rows,periodized_lifting.xlsx,Strength-Power,3x5 row to 5 drop rows
unresolved,3x5 row to 5 drop rows,periodized_lifting.xlsx,Strength-Power,3x5 row to 5 drop rows
unresolved,3x8 15 rapid,periodized_lifting.xlsx,Strength-Power,3x8-15 rapid
unresolved,3x8 15 rapid,periodized_lifting.xlsx,Strength-Power,3x8-15 rapid
unresolved,3x8 15 rapid,periodized_lifting.xlsx,Strength-Power,3x8-15 rapid
unresolved,3x8 15 rapid,periodized_lifting.xlsx,Strength-Power,3x8-15 rapid
unresolved,3x8 5 sec hold,maintenance_plan.xlsx,Sheet1,3X8 5 sec hold
unresolved,3x8 5 sec hold,maintenance_plan.xlsx,Sheet1,3X8 5 sec hold
unresolved,3x8 5 sec hold,maintenance_plan.xlsx,Sheet1,3X8 5 sec hold
unresolved,5 rounds,periodized_lifting.xlsx,Strength,5 rounds
unresolved,5 rounds,periodized_lifting.xlsx,Strength,5 rounds
unresolved,5 rounds,periodized_lifting.xlsx,Strength,5 rounds
unresolved,5 rounds,periodized_lifting.xlsx,Strength,5 rounds
unresolved,5 rounds,periodized_lifting.xlsx,Strength,5 rounds
unresolved,5 rounds,periodized_lifting.xlsx,Strength,5 rounds
unresolved,60 90 feet,the_program.xlsx,Inseason SplitRoutine,60-90 feet
unresolved,60 90 feet,the_program.xlsx,Inseason SplitRoutine,60-90 feet
unresolved,60 90 ft throws,the_program.xlsx,Inseason SplitRoutine,60-90 ft throws
unresolved,7 5 4oz,the_program.xlsx,Plyocare ,7/5/4oz
unresolved,7 5 4oz,the_program.xlsx,Plyocare ,7/5/4oz
unresolved,9 7 5oz,the_program.xlsx,Plyocare ,9/7/5oz
unresolved,9090 dribble,periodized_lifting.xlsx,Strength,9090 Dribble
unresolved,9090 dribble,periodized_lifting.xlsx,Strength,9090 Dribble
unresolved,9090 dribble,periodized_lifting.xlsx,Strength-Power,9090 Dribble
unresolved,9090 dribble,periodized_lifting.xlsx,Strength-Power,9090 Dribble
unresolved,9090 dribble,periodized_lifting.xlsx,Strength-Power,9090 Dribble
unresolved,9090 dribble,periodized_lifting.xlsx,Strength-Power,9090 Dribble
unresolved,9090 dribble,periodized_lifting.xlsx,Strength-Power,9090 Dribble
unresolved,9090 dribble,periodized_lifting.xlsx,Strength-Power,9090 Dribble
unresolved,a skip fwd then backward,the_program.xlsx,Dynamic Warmup,A skip (fwd then backward)
unresolved,a skip side to side,the_program.xlsx,Dynamic Warmup,A skip side to side
unresolved,ab wheel,periodized_lifting.xlsx,Strength,ab wheel
unresolved,ab wheel,periodized_lifting.xlsx,Strength,ab wheel
unresolved,activate,maintenance_plan.xlsx,Sheet1,Activate
unresolved,activity,the_program.xlsx,Post Throw Stretch,Activity
unresolved,activity,the_program.xlsx,Arm Care Light ,Activity
unresolved,activity,the_program.xlsx,Arm Care Heavy,Activity
unresolved,adductor plank not on elbow,periodized_lifting.xlsx,Hypertrophy,Adductor Plank (NOT ON ELBOW)
unresolved,arm care heavy,the_program.xlsx,Inseason SplitRoutine,Arm care heavy
unresolved,arm care heavy,the_program.xlsx,Inseason SplitRoutine,Arm care heavy
unresolved,arm care heavy,the_program.xlsx,Inseason SplitRoutine,Arm care heavy
unresolved,arm care heavy,the_program.xlsx,Inseason SplitRoutine,Arm care heavy
unresolved,arm care heavy,the_program.xlsx,Inseason SplitRoutine,Arm Care heavy
unresolved,arm care heavy,the_program.xlsx,Inseason SplitRoutine,Arm care heavy
unresolved,arm care heavy,the_program.xlsx,Arm Care Heavy,Arm Care Heavy
unresolved,arm care light,the_program.xlsx,Inseason SplitRoutine,Arm Care light
unresolved,arm care light,the_program.xlsx,Inseason SplitRoutine,Arm Care light
unresolved,arm care light,the_program.xlsx,Inseason SplitRoutine,Arm care light
unresolved,arm care light,the_program.xlsx,Inseason SplitRoutine,Arm care light
unresolved,arm care light,the_program.xlsx,Inseason SplitRoutine,Arm care light
unresolved,arm care light,the_program.xlsx,Inseason SplitRoutine,Arm care light
unresolved,arm care light,the_program.xlsx,Inseason SplitRoutine,Arm Care light
unresolved,arm care light,the_program.xlsx,Inseason SplitRoutine,Arm Care light
unresolved,assisted pushup higher tempo,periodized_lifting.xlsx,Strength-Power,Assisted Pushup (higher tempo)
unresolved,assisted pushup higher tempo,periodized_lifting.xlsx,Strength-Power,Assisted Pushup (higher tempo)
unresolved,assisted pushup higher tempo,periodized_lifting.xlsx,Strength-Power,Assisted Pushup (higher tempo)
unresolved,assisted pushup higher tempo,periodized_lifting.xlsx,Strength-Power,Assisted Pushup (higher tempo)
unresolved,athetic stance hip extension row,periodized_lifting.xlsx,Strength-Power,Athetic stance hip extension row
unresolved,athetic stance hip extension row,periodized_lifting.xlsx,Strength-Power,Athetic stance hip extension row
unresolved,athetic stance hip extension row,periodized_lifting.xlsx,Strength-Power,Athetic stance hip extension row
unresolved,athetic stance hip extension row,periodized_lifting.xlsx,Strength-Power,Athetic stance hip extension row
unresolved,back,the_program.xlsx,Dynamic Warmup,back
unresolved,back fly,periodized_lifting.xlsx,Hypertrophy,Back fly
unresolved,back fly,periodized_lifting.xlsx,Hypertrophy,Back fly
unresolved,back fly,periodized_lifting.xlsx,Hypertrophy,Back fly
unresolved,ball drop,the_program.xlsx,Dynamic Warmup,ball drop
unresolved,ball holds,the_program.xlsx,Plyocare ,Ball holds
unresolved,banded bench fct,periodized_lifting.xlsx,Strength-Power,Banded bench FCT
unresolved,banded bench fct,periodized_lifting.xlsx,Strength-Power,Banded bench FCT
unresolved,banded bench fct,periodized_lifting.xlsx,Strength-Power,Banded bench FCT
unresolved,banded bench fct,periodized_lifting.xlsx,Strength-Power,Banded bench FCT
unresolved,banded bench press,periodized_lifting.xlsx,Strength,Banded bench press
unresolved,banded drop curls,periodized_lifting.xlsx,Strength-Power,Banded Drop Curls
unresolved,banded drop curls,periodized_lifting.xlsx,Strength-Power,Banded Drop Curls
unresolved,banded floor press,periodized_lifting.xlsx,Strength,Banded Floor Press
unresolved,banded heidon hop,periodized_lifting.xlsx,Strength,Banded Heidon Hop
unresolved,banded heidon hop,periodized_lifting.xlsx,Strength,Banded Heidon Hop
unresolved,banded lat,maintenance_plan.xlsx,Sheet1,Banded lat
unresolved,bicep curl,periodized_lifting.xlsx,Hypertrophy,Bicep curl
unresolved,bicep curl,periodized_lifting.xlsx,Hypertrophy,Bicep curl
unresolved,bicep curl,periodized_lifting.xlsx,Hypertrophy,Bicep curl+
unresolved,bicep curl pronator press out,the_program.xlsx,Arm Care Heavy,Bicep curl pronator press out
unresolved,bicep stretch,the_program.xlsx,Post Throw Stretch,Bicep Stretch
unresolved,bicep stretch,the_program.xlsx,Dugout Routines,Bicep Stretch
unresolved,black,the_program.xlsx,Plyocare ,Black
unresolved,black or 2 5 kg cuffs,the_program.xlsx,Plyocare ,Black or 2.5 kg cuffs
unresolved,blcok 5,periodized_lifting.xlsx,Strength-Power,Blcok 5
unresolved,blcok 5,periodized_lifting.xlsx,Strength-Power,Blcok 5
unresolved,blcok 5,periodized_lifting.xlsx,Strength-Power,Blcok 5
unresolved,blcok 5,periodized_lifting.xlsx,Strength-Power,Blcok 5
unresolved,blue red yellow gray,the_program.xlsx,Plyocare ,blue/red/yellow/gray
unresolved,blue red yellow gray,the_program.xlsx,Plyocare ,blue/red/yellow/gray
unresolved,blue red yellow gray,the_program.xlsx,Plyocare ,blue/red/yellow/gray
unresolved,break a sweat,the_program.xlsx,Dynamic Warmup,Break a sweat
unresolved,break a sweat,the_program.xlsx,Post Throw Stretch,Break a sweat
unresolved,bridge oh throws self toss,periodized_lifting.xlsx,Strength-Power,Bridge OH throws (self toss)
unresolved,bridge oh throws self toss,periodized_lifting.xlsx,Strength-Power,Bridge OH throws (self toss)
unresolved,bridge oh throws self toss,periodized_lifting.xlsx,Strength-Power,Bridge OH throws (self toss)
unresolved,bridge oh throws self toss,periodized_lifting.xlsx,Strength-Power,Bridge OH throws (self toss)
unresolved,bridge reach,the_program.xlsx,Arm Care Light ,Bridge reach
unresolved,bridge reach across,the_program.xlsx,Dynamic Warmup,Bridge reach across
unresolved,bulgarian arnold,periodized_lifting.xlsx,Strength,Bulgarian Arnold
unresolved,bulgarian arnold,periodized_lifting.xlsx,Strength,Bulgarian Arnold
unresolved,bulgarian each side prior to rotation row,periodized_lifting.xlsx,Hypertrophy,Bulgarian each side prior to rotation row
unresolved,bulgarian iso arnold press,periodized_lifting.xlsx,Hypertrophy,Bulgarian Iso Arnold press
unresolved,bulgarian iso arnold press,periodized_lifting.xlsx,Hypertrophy,Bulgarian Iso Arnold press
unresolved,bulgarian iso arnold press,periodized_lifting.xlsx,Hypertrophy,Bulgarian Iso Arnold press
unresolved,bulgarian iso arnold press,periodized_lifting.xlsx,Strength,Bulgarian Iso Arnold press
unresolved,bulgarian iso arnold press,periodized_lifting.xlsx,Strength,Bulgarian Iso Arnold press
unresolved,bulgarian split squat or offset deadlift,periodized_lifting.xlsx,Strength-Power,Bulgarian split squat or offset deadlift
unresolved,bulgarian split squat or offset deadlift,periodized_lifting.xlsx,Strength-Power,Bulgarian split squat or offset deadlift
unresolved,bulgarian split squat or offset deadlift,periodized_lifting.xlsx,Strength-Power,Bulgarian split squat or offset deadlift
unresolved,bulgarian split squat or offset deadlift,periodized_lifting.xlsx,Strength-Power,Bulgarian split squat or offset deadlift
unresolved,burpee to frog hop forward bound,periodized_lifting.xlsx,Strength,Burpee to frog hop (forward bound)
unresolved,burpee to frog hop forward bound,periodized_lifting.xlsx,Strength,Burpee to frog hop (forward bound)
unresolved,burpee to frog hop forward bound,periodized_lifting.xlsx,Strength-Power,Burpee to frog hop (forward bound)
unresolved,burpee to frog hop forward bound,periodized_lifting.xlsx,Strength-Power,Burpee to frog hop (forward bound)
unresolved,burpee to frog hop forward bound,periodized_lifting.xlsx,Strength-Power,Burpee to frog hop (forward bound)
unresolved,burpee to frog hop forward bound,periodized_lifting.xlsx,Strength-Power,Burpee to frog hop (forward bound)
unresolved,can opener clamshell,periodized_lifting.xlsx,Strength,Can opener Clamshell
unresolved,can opener clamshell,periodized_lifting.xlsx,Strength,Can opener Clamshell
unresolved,cervical eldoa,maintenance_plan.xlsx,Sheet1,Cervical ELDOA
unresolved,challenge balance,periodized_lifting.xlsx,Hypertrophy,challenge balance
unresolved,chest pass,periodized_lifting.xlsx,Hypertrophy,Chest Pass
unresolved,chest pass,periodized_lifting.xlsx,Hypertrophy,Chest Pass
unresolved,chest pass,periodized_lifting.xlsx,Strength,Chest pass
unresolved,chest pass,periodized_lifting.xlsx,Strength,Chest pass
unresolved,chest pass,periodized_lifting.xlsx,Strength,Chest pass
unresolved,chest pass,periodized_lifting.xlsx,Strength,Chest pass
unresolved,childs pose breath,maintenance_plan.xlsx,Sheet1,Childs pose breath
unresolved,command bullpen,the_program.xlsx,Inseason SplitRoutine,Command bullpen
unresolved,command bullpen,the_program.xlsx,Inseason SplitRoutine,Command bullpen
unresolved,concentric lght,periodized_lifting.xlsx,Hypertrophy,Concentric (lght)
unresolved,connection day,the_program.xlsx,Inseason SplitRoutine,Connection day
unresolved,connection day,the_program.xlsx,Inseason SplitRoutine,Connection day
unresolved,connection day,the_program.xlsx,Inseason SplitRoutine,Connection day
unresolved,connection day,the_program.xlsx,Inseason SplitRoutine,Connection day
unresolved,connection day,the_program.xlsx,Inseason SplitRoutine,Connection day
unresolved,connection day,the_program.xlsx,Inseason SplitRoutine,Connection day
unresolved,copenhagen plank with hip flexion,periodized_lifting.xlsx,Strength,Copenhagen Plank with Hip Flexion
unresolved,copenhagen plank with hip flexion,periodized_lifting.xlsx,Strength,Copenhagen Plank with Hip Flexion
unresolved,copenhagen plank with hip flexion,periodized_lifting.xlsx,Strength-Power,Copenhagen Plank with Hip Flexion
unresolved,copenhagen plank with hip flexion,periodized_lifting.xlsx,Strength-Power,Copenhagen Plank with Hip Flexion
unresolved,copenhagen plank with hip flexion,periodized_lifting.xlsx,Strength-Power,Copenhagen Plank with Hip Flexion
unresolved,copenhagen plank with hip flexion,periodized_lifting.xlsx,Strength-Power,Copenhagen Plank with Hip Flexion
unresolved,couch with lat,the_program.xlsx,Post Throw Stretch,Couch with Lat
unresolved,cross body,maintenance_plan.xlsx,Sheet1,Cross body
unresolved,cross body tricep,periodized_lifting.xlsx,Hypertrophy,Cross Body Tricep
unresolved,cross body tricep,periodized_lifting.xlsx,Hypertrophy,Cross Body Tricep
unresolved,cross body tricep,periodized_lifting.xlsx,Hypertrophy,Cross Body Tricep
unresolved,cross hops,periodized_lifting.xlsx,Strength-Power,Cross hops
unresolved,cross hops,periodized_lifting.xlsx,Strength-Power,Cross hops
unresolved,cross hops,periodized_lifting.xlsx,Strength-Power,Cross hops
unresolved,cross hops,periodized_lifting.xlsx,Strength-Power,Cross hops
unresolved,dart dribble,periodized_lifting.xlsx,Strength,Dart Dribble
unresolved,dart dribble,periodized_lifting.xlsx,Strength,Dart Dribble
unresolved,dart dribble,periodized_lifting.xlsx,Strength,Dart Dribble
unresolved,dart dribble,periodized_lifting.xlsx,Strength,Dart Dribble
unresolved,decelerator,periodized_lifting.xlsx,Strength,Decelerator
unresolved,decelerator,periodized_lifting.xlsx,Strength,Decelerator
unresolved,distance reps,the_program.xlsx,Dynamic Warmup,Distance/Reps
unresolved,dont forget scap cueing,periodized_lifting.xlsx,Strength,Dont forget scap cueing
unresolved,dont forget scap cueing,periodized_lifting.xlsx,Strength,Dont forget scap cueing
unresolved,drill,the_program.xlsx,Dynamic Warmup,Drill
unresolved,drill,the_program.xlsx,Plyocare ,Drill
unresolved,drop pushup,periodized_lifting.xlsx,Strength-Power,Drop Pushup
unresolved,drop pushup,periodized_lifting.xlsx,Strength-Power,Drop Pushup
unresolved,drop pushup,periodized_lifting.xlsx,Strength-Power,Drop Pushup
unresolved,drop pushup,periodized_lifting.xlsx,Strength-Power,Drop Pushup
unresolved,drop to rotation scoop,periodized_lifting.xlsx,Strength,Drop to rotation scoop
unresolved,drop to rotation scoop,periodized_lifting.xlsx,Strength,Drop to rotation scoop
unresolved,dugout routine,the_program.xlsx,Dugout Routines,Dugout Routine
unresolved,dying bug,periodized_lifting.xlsx,Hypertrophy,Dying Bug
unresolved,dying bug,periodized_lifting.xlsx,Hypertrophy,Dying Bug
unresolved,dynamic warm up,the_program.xlsx,Inseason SplitRoutine,Dynamic warm up
unresolved,dynamic warm up,the_program.xlsx,Inseason SplitRoutine,Dynamic warm up
unresolved,ecc trx pec lowering,periodized_lifting.xlsx,Strength-Power,Ecc TRX Pec Lowering
unresolved,ecc trx pec lowering,periodized_lifting.xlsx,Strength-Power,Ecc TRX Pec Lowering
unresolved,ecc trx pec lowering,periodized_lifting.xlsx,Strength-Power,Ecc TRX Pec Lowering
unresolved,ecc trx pec lowering,periodized_lifting.xlsx,Strength-Power,Ecc TRX Pec Lowering
unresolved,eccentric bicep,periodized_lifting.xlsx,Strength,Eccentric Bicep
unresolved,eccentric bicep,periodized_lifting.xlsx,Strength,Eccentric Bicep
unresolved,eccentric bicep,periodized_lifting.xlsx,Strength,Eccentric Bicep
unresolved,eccentric bicep,periodized_lifting.xlsx,Strength,Eccentric Bicep
unresolved,eccentric bicep,periodized_lifting.xlsx,Strength-Power,Eccentric bicep
unresolved,eccentric bicep,periodized_lifting.xlsx,Strength-Power,Eccentric bicep
unresolved,eccentric overhead lowering,periodized_lifting.xlsx,Hypertrophy,Eccentric Overhead Lowering
unresolved,eccentric pnf,periodized_lifting.xlsx,Hypertrophy,Eccentric PNF
unresolved,effort,the_program.xlsx,Plyocare ,%Effort
unresolved,elbow flexed pronation supination,the_program.xlsx,Arm Care Light ,Elbow flexed pronation supination
unresolved,elbow gapping,maintenance_plan.xlsx,Sheet1,Elbow gapping
unresolved,elbow gapping with lacrosse ball,maintenance_plan.xlsx,Sheet1,Elbow gapping with lacrosse ball
unresolved,eldoa t6,maintenance_plan.xlsx,Sheet1,ELDOA T6
unresolved,eldoa t7,maintenance_plan.xlsx,Sheet1,ELDOA T7
unresolved,er 9090,periodized_lifting.xlsx,Hypertrophy,ER 9090
unresolved,er 9090 to press,the_program.xlsx,Dugout Routines,ER 9090 to press
unresolved,er flexion,the_program.xlsx,Dugout Routines,ER flexion
unresolved,ext long toss to comfort,the_program.xlsx,Inseason SplitRoutine,Ext long toss to comfort
unresolved,ext long toss to comfort,the_program.xlsx,Inseason SplitRoutine,Ext long toss to comfort
unresolved,ext long toss to comfort,the_program.xlsx,Inseason SplitRoutine,Ext long toss to comfort
unresolved,ext long toss to comfort,the_program.xlsx,Inseason SplitRoutine,Ext long toss to comfort
unresolved,facepull,periodized_lifting.xlsx,Strength,Facepull
unresolved,facepull,periodized_lifting.xlsx,Strength,Facepull
unresolved,farmer arnold march,periodized_lifting.xlsx,Hypertrophy,Farmer Arnold March
unresolved,farmer arnold march,periodized_lifting.xlsx,Hypertrophy,Farmer Arnold March
unresolved,farmer arnold march,periodized_lifting.xlsx,Hypertrophy,Farmer Arnold March
unresolved,farmer arnold march,periodized_lifting.xlsx,Strength,Farmer Arnold March
unresolved,farmer arnold march,periodized_lifting.xlsx,Strength,Farmer Arnold March
unresolved,farmers carry with calf raise,periodized_lifting.xlsx,Strength,Farmers carry with calf raise
unresolved,farmers carry with calf raise,periodized_lifting.xlsx,Strength,Farmers carry with calf raise
unresolved,fct 2 leg pogo,periodized_lifting.xlsx,Strength-Power,FCT - 2 leg pogo
unresolved,fct 2 leg pogo,periodized_lifting.xlsx,Strength-Power,FCT - 2 leg pogo
unresolved,fct 2 leg pogo,periodized_lifting.xlsx,Strength-Power,FCT - 2 leg pogo
unresolved,fct 2 leg pogo,periodized_lifting.xlsx,Strength-Power,FCT - 2 leg pogo
unresolved,fct 5 fwd bounds,periodized_lifting.xlsx,Strength-Power,FCT - 5 fwd bounds
unresolved,fct 5 fwd bounds,periodized_lifting.xlsx,Strength-Power,FCT - 5 fwd bounds
unresolved,fct 5 fwd bounds,periodized_lifting.xlsx,Strength-Power,FCT - 5 fwd bounds
unresolved,fct 5 fwd bounds,periodized_lifting.xlsx,Strength-Power,FCT - 5 fwd bounds
unresolved,fct bulgarian squat jumps,periodized_lifting.xlsx,Strength-Power,FCT- bulgarian Squat Jumps
unresolved,fct bulgarian squat jumps,periodized_lifting.xlsx,Strength-Power,FCT- bulgarian Squat Jumps
unresolved,fct bulgarian squat jumps,periodized_lifting.xlsx,Strength-Power,FCT- bulgarian Squat Jumps
unresolved,fct bulgarian squat jumps,periodized_lifting.xlsx,Strength-Power,FCT- bulgarian Squat Jumps
unresolved,fct explosive step down,periodized_lifting.xlsx,Strength-Power,FCT Explosive Step Down
unresolved,fct explosive step down,periodized_lifting.xlsx,Strength-Power,FCT Explosive Step Down
unresolved,fct explosive step down,periodized_lifting.xlsx,Strength-Power,FCT Explosive Step Down
unresolved,fct explosive step down,periodized_lifting.xlsx,Strength-Power,FCT Explosive Step Down
unresolved,fct heiden hop,periodized_lifting.xlsx,Strength-Power,FCT - Heiden Hop
unresolved,fct heiden hop,periodized_lifting.xlsx,Strength-Power,FCT - Heiden Hop
unresolved,fct heiden hop,periodized_lifting.xlsx,Strength-Power,FCT - Heiden Hop
unresolved,fct heiden hop,periodized_lifting.xlsx,Strength-Power,FCT - Heiden Hop
unresolved,fct scissor jump,periodized_lifting.xlsx,Strength-Power,FCT - Scissor Jump
unresolved,fct scissor jump,periodized_lifting.xlsx,Strength-Power,FCT - Scissor Jump
unresolved,fct scissor jump,periodized_lifting.xlsx,Strength-Power,FCT - Scissor Jump
unresolved,fct scissor jump,periodized_lifting.xlsx,Strength-Power,FCT - Scissor Jump
unresolved,fct vert jump,periodized_lifting.xlsx,Strength-Power,FCT - Vert Jump
unresolved,fct vert jump,periodized_lifting.xlsx,Strength-Power,FCT - Vert Jump
unresolved,fct vert jump,periodized_lifting.xlsx,Strength-Power,FCT - Vert Jump
unresolved,fct vert jump,periodized_lifting.xlsx,Strength-Power,FCT - Vert Jump
unresolved,ffl chops high to low,periodized_lifting.xlsx,Strength-Power,FFL Chops (High to Low)
unresolved,ffl chops high to low,periodized_lifting.xlsx,Strength-Power,FFL Chops (High to Low)
unresolved,ffl chops high to low,periodized_lifting.xlsx,Strength-Power,FFL Chops (High to Low)
unresolved,ffl chops high to low,periodized_lifting.xlsx,Strength-Power,FFL Chops (High to Low)
unresolved,figure 8,the_program.xlsx,Plyocare ,Figure 8
unresolved,finger tip drop,the_program.xlsx,Dynamic Warmup,finger tip drop
unresolved,flip up,the_program.xlsx,Dynamic Warmup,flip up
unresolved,floor press,periodized_lifting.xlsx,Strength,Floor Press
unresolved,floor press,periodized_lifting.xlsx,Strength,Floor Press
unresolved,flow wind up,the_program.xlsx,Plyocare ,flow wind up
unresolved,flow wind up,the_program.xlsx,Plyocare ,flow wind up
unresolved,fr nerve tension,maintenance_plan.xlsx,Sheet1,FR nerve tension
unresolved,frogger cat camel,the_program.xlsx,Dynamic Warmup,frogger cat camel
unresolved,frogger thread needle,the_program.xlsx,Dynamic Warmup,Frogger thread needle
unresolved,front plank,periodized_lifting.xlsx,Hypertrophy,Front plank
unresolved,front plank,periodized_lifting.xlsx,Hypertrophy,Front plank
unresolved,front plank to down dog on elbows,periodized_lifting.xlsx,Hypertrophy,Front plank to down dog on elbows
unresolved,full plyo heavy,the_program.xlsx,Plyocare ,Full Plyo Heavy
unresolved,full plyo heavy 1 2 sets,the_program.xlsx,Inseason SplitRoutine,Full Plyo Heavy 1-2 sets
unresolved,full plyo heavy 1 2 sets,the_program.xlsx,Inseason SplitRoutine,Full Plyo Heavy 1-2 sets
unresolved,full plyo heavy 1x75,the_program.xlsx,Inseason SplitRoutine,Full plyo heavy 1X75%
unresolved,full plyo heavy 1x75,the_program.xlsx,Inseason SplitRoutine,Full plyo heavy 1X75%
unresolved,full plyo heavy 1x75,the_program.xlsx,Inseason SplitRoutine,Full plyo heavy 1X75%
unresolved,full plyo heavy 1x75,the_program.xlsx,Inseason SplitRoutine,Full plyo heavy 1X75%
unresolved,full range,maintenance_plan.xlsx,Sheet1,full range
unresolved,full range,maintenance_plan.xlsx,Sheet1,full range
unresolved,full range,maintenance_plan.xlsx,Sheet1,full range
unresolved,full range,maintenance_plan.xlsx,Sheet1,full range
unresolved,full supination,the_program.xlsx,Arm Care Heavy,Full supination
unresolved,full supination,maintenance_plan.xlsx,Sheet1,Full Supination
unresolved,get the blood flowing,the_program.xlsx,Post Throw Stretch,Get the blood flowing
unresolved,get the blood flowing,the_program.xlsx,Post Throw Stretch,Get the blood flowing
unresolved,get the blood flowing,the_program.xlsx,Post Throw Stretch,Get the blood flowing
unresolved,get the blood flowing,the_program.xlsx,Post Throw Stretch,Get the blood flowing
unresolved,half plyo,the_program.xlsx,Inseason SplitRoutine,Half plyo
unresolved,half plyo,the_program.xlsx,Inseason SplitRoutine,Half plyo
unresolved,half plyo,the_program.xlsx,Inseason SplitRoutine,Half plyo
unresolved,half plyo,the_program.xlsx,Plyocare ,Half Plyo
unresolved,half plyos 1 2 sets,the_program.xlsx,Inseason SplitRoutine,half plyos 1-2 sets
unresolved,half plyos 1 2 sets,the_program.xlsx,Inseason SplitRoutine,half plyos 1-2 sets
unresolved,heel toe arm circle big,the_program.xlsx,Dynamic Warmup,Heel/toe arm circle big
unresolved,heel toe arm circle big,the_program.xlsx,Post Throw Stretch,Heel/toe arm circle big
unresolved,heel toe arm circle small,the_program.xlsx,Dynamic Warmup,Heel/toe arm circle small
unresolved,heel toe arm circle small,the_program.xlsx,Post Throw Stretch,Heel/toe arm circle small
unresolved,heiden hop,periodized_lifting.xlsx,Strength,Heiden Hop
unresolved,heiden hop,periodized_lifting.xlsx,Strength,Heiden Hop
unresolved,heidon hop sticks,periodized_lifting.xlsx,Strength,Heidon hop sticks
unresolved,heidon hop sticks,periodized_lifting.xlsx,Strength,Heidon hop sticks
unresolved,heidon hop sticks,periodized_lifting.xlsx,Strength-Power,Heidon hop sticks
unresolved,heidon hop sticks,periodized_lifting.xlsx,Strength-Power,Heidon hop sticks
unresolved,heidon hop sticks,periodized_lifting.xlsx,Strength-Power,Heidon hop sticks
unresolved,heidon hop sticks,periodized_lifting.xlsx,Strength-Power,Heidon hop sticks
unresolved,high 10,the_program.xlsx,Plyocare ,High 10
unresolved,high 10,the_program.xlsx,Plyocare ,High 10
unresolved,high 10,the_program.xlsx,Plyocare ,High 10
unresolved,high intent baseball throws,the_program.xlsx,Plyocare ,High intent baseball throws
unresolved,high plank to yoga push up,the_program.xlsx,Arm Care Light ,High plank to yoga push up
unresolved,high row 9090 plate drop,periodized_lifting.xlsx,Strength-Power,High Row 9090 Plate Drop
unresolved,high row 9090 plate drop,periodized_lifting.xlsx,Strength-Power,High Row 9090 Plate Drop
unresolved,high row 9090 plate drop,periodized_lifting.xlsx,Strength-Power,High Row 9090 Plate Drop
unresolved,high row 9090 plate drop,periodized_lifting.xlsx,Strength-Power,High Row 9090 Plate Drop
unresolved,hip hike march,periodized_lifting.xlsx,Hypertrophy,Hip Hike March
unresolved,hip hike march,periodized_lifting.xlsx,Hypertrophy,Hip Hike March
unresolved,hip thrusters,periodized_lifting.xlsx,Hypertrophy,Hip Thrusters
unresolved,hip thrusters,periodized_lifting.xlsx,Hypertrophy,Hip Thrusters
unresolved,hip thrusters,periodized_lifting.xlsx,Hypertrophy,Hip Thrusters
unresolved,hip thrusters,periodized_lifting.xlsx,Strength,Hip Thrusters
unresolved,hip thrusters,periodized_lifting.xlsx,Strength,Hip Thrusters
unresolved,hip thrusters,periodized_lifting.xlsx,Strength,Hip Thrusters
unresolved,hip thrusters,periodized_lifting.xlsx,Strength,Hip Thrusters
unresolved,hip turn to,periodized_lifting.xlsx,Strength-Power,Hip turn to
unresolved,hip turn to,periodized_lifting.xlsx,Strength-Power,Hip turn to
unresolved,hip turn to,periodized_lifting.xlsx,Strength-Power,Hip turn to
unresolved,hip turn to,periodized_lifting.xlsx,Strength-Power,Hip turn to
unresolved,horizontal adduction,the_program.xlsx,Post Throw Stretch,Horizontal adduction
unresolved,hypertrophy a,periodized_lifting.xlsx,Hypertrophy,Hypertrophy A
unresolved,hypertrophy a,periodized_lifting.xlsx,Hypertrophy,Hypertrophy A
unresolved,hypertrophy a,periodized_lifting.xlsx,Hypertrophy,Hypertrophy A
unresolved,in the hole,the_program.xlsx,Plyocare ,In the hole
unresolved,in the hole,the_program.xlsx,Plyocare ,In the hole
unresolved,inch worm step through,the_program.xlsx,Dynamic Warmup,Inch worm step through
unresolved,individual finger isos,maintenance_plan.xlsx,Sheet1,Individual finger isos
unresolved,individual finger nerve glide,maintenance_plan.xlsx,Sheet1,Individual finger nerve glide
unresolved,inseason highschool reliever,the_program.xlsx,Inseason SplitRoutine,Inseason - Highschool Reliever
unresolved,inseason highschool starter 7 day split option 1,the_program.xlsx,Inseason SplitRoutine,Inseason - Highschool Starter (7 Day Split) Option 1
unresolved,inseason highschool starter 7 day split option 2,the_program.xlsx,Inseason SplitRoutine,Inseason - Highschool Starter (7 Day Split) Option 2
unresolved,jacknife plank,periodized_lifting.xlsx,Strength,Jacknife Plank
unresolved,jacknife plank,periodized_lifting.xlsx,Strength,Jacknife Plank
unresolved,jammer arm posterior lunge,periodized_lifting.xlsx,Strength-Power,Jammer Arm posterior lunge
unresolved,jammer arm posterior lunge,periodized_lifting.xlsx,Strength-Power,Jammer Arm posterior lunge
unresolved,jammer arm posterior lunge,periodized_lifting.xlsx,Strength-Power,Jammer Arm posterior lunge
unresolved,jammer arm posterior lunge,periodized_lifting.xlsx,Strength-Power,Jammer Arm posterior lunge
unresolved,jammer rotational press,periodized_lifting.xlsx,Strength-Power,Jammer Rotational Press
unresolved,jammer rotational press,periodized_lifting.xlsx,Strength-Power,Jammer Rotational Press
unresolved,jammer rotational press,periodized_lifting.xlsx,Strength-Power,Jammer Rotational Press
unresolved,jammer rotational press,periodized_lifting.xlsx,Strength-Power,Jammer Rotational Press
unresolved,keep wrist and elbow in line with shoulder,periodized_lifting.xlsx,Strength,Keep wrist and elbow in line with shoulder
unresolved,keep wrist and elbow in line with shoulder,periodized_lifting.xlsx,Strength,Keep wrist and elbow in line with shoulder
unresolved,landmine,periodized_lifting.xlsx,Strength-Power,Landmine
unresolved,landmine,periodized_lifting.xlsx,Strength-Power,Landmine
unresolved,landmine,periodized_lifting.xlsx,Strength-Power,Landmine
unresolved,landmine,periodized_lifting.xlsx,Strength-Power,Landmine
unresolved,landmine decelerator,periodized_lifting.xlsx,Strength-Power,Landmine Decelerator
unresolved,landmine decelerator,periodized_lifting.xlsx,Strength-Power,Landmine Decelerator
unresolved,landmine decelerator,periodized_lifting.xlsx,Strength-Power,Landmine Decelerator
unresolved,landmine decelerator,periodized_lifting.xlsx,Strength-Power,Landmine Decelerator
unresolved,landmine drop row,periodized_lifting.xlsx,Strength-Power,Landmine Drop Row
unresolved,landmine drop row,periodized_lifting.xlsx,Strength-Power,Landmine Drop Row
unresolved,landmine drop row,periodized_lifting.xlsx,Strength-Power,Landmine Drop Row
unresolved,landmine drop row,periodized_lifting.xlsx,Strength-Power,Landmine Drop Row
unresolved,landmine lateral slider lunge,periodized_lifting.xlsx,Strength-Power,Landmine Lateral Slider Lunge
unresolved,landmine lateral slider lunge,periodized_lifting.xlsx,Strength-Power,Landmine Lateral Slider Lunge
unresolved,landmine lateral slider lunge,periodized_lifting.xlsx,Strength-Power,Landmine Lateral Slider Lunge
unresolved,landmine lateral slider lunge,periodized_lifting.xlsx,Strength-Power,Landmine Lateral Slider Lunge
unresolved,landmine windmill,periodized_lifting.xlsx,Strength,Landmine Windmill
unresolved,landmine windmill,periodized_lifting.xlsx,Strength,Landmine Windmill
unresolved,landmine windmill,periodized_lifting.xlsx,Strength-Power,Landmine Windmill
unresolved,landmine windmill,periodized_lifting.xlsx,Strength-Power,Landmine Windmill
unresolved,landmine windmill,periodized_lifting.xlsx,Strength-Power,Landmine Windmill
unresolved,landmine windmill,periodized_lifting.xlsx,Strength-Power,Landmine Windmill
unresolved,lateral delt raise,periodized_lifting.xlsx,Hypertrophy,Lateral delt raise
unresolved,lateral delt raise,periodized_lifting.xlsx,Hypertrophy,Lateral delt raise
unresolved,lateral delt raise,periodized_lifting.xlsx,Hypertrophy,Lateral delt raise
unresolved,lateral delt raise,periodized_lifting.xlsx,Strength,Lateral delt raise
unresolved,lateral delt raise,periodized_lifting.xlsx,Strength,Lateral delt raise
unresolved,lateral lunge kettle bell hold,periodized_lifting.xlsx,Hypertrophy,Lateral lunge kettle bell hold
unresolved,lateral lunge kettle bell hold,periodized_lifting.xlsx,Hypertrophy,Lateral lunge kettle bell hold
unresolved,lateral lunge kettle bell hold,periodized_lifting.xlsx,Hypertrophy,Lateral lunge kettle bell hold
unresolved,lateral lunge kettle bell hold,periodized_lifting.xlsx,Strength,Lateral lunge kettle bell hold
unresolved,lateral lunge kettle bell hold,periodized_lifting.xlsx,Strength,Lateral lunge kettle bell hold
unresolved,lateral lunge kettle bell hold,periodized_lifting.xlsx,Strength,Lateral lunge kettle bell hold
unresolved,lateral lunge kettle bell hold,periodized_lifting.xlsx,Strength,Lateral lunge kettle bell hold
unresolved,lateral lunge to adductor snap back,periodized_lifting.xlsx,Strength-Power,Lateral lunge to adductor snap back
unresolved,lateral lunge to adductor snap back,periodized_lifting.xlsx,Strength-Power,Lateral lunge to adductor snap back
unresolved,lateral lunge to adductor snap back,periodized_lifting.xlsx,Strength-Power,Lateral lunge to adductor snap back
unresolved,lateral lunge to adductor snap back,periodized_lifting.xlsx,Strength-Power,Lateral lunge to adductor snap back
unresolved,lateral step down heel tap,periodized_lifting.xlsx,Hypertrophy,Lateral step down heel tap
unresolved,lateral step down heel tap,periodized_lifting.xlsx,Hypertrophy,Lateral step down heel tap
unresolved,lateral step down heel tap,periodized_lifting.xlsx,Hypertrophy,Lateral step down heel tap
unresolved,lateral step down heel tap,periodized_lifting.xlsx,Strength,Lateral step down heel tap
unresolved,lateral step down heel tap,periodized_lifting.xlsx,Strength,Lateral step down heel tap
unresolved,lateral step down heel tap,periodized_lifting.xlsx,Strength,Lateral step down heel tap
unresolved,lateral step down heel tap,periodized_lifting.xlsx,Strength,Lateral step down heel tap
unresolved,lateral step down heel tap fct,periodized_lifting.xlsx,Strength-Power,Lateral step down heel tap FCT
unresolved,lateral step down heel tap fct,periodized_lifting.xlsx,Strength-Power,Lateral step down heel tap FCT
unresolved,lateral step down heel tap fct,periodized_lifting.xlsx,Strength-Power,Lateral step down heel tap FCT
unresolved,lateral step down heel tap fct,periodized_lifting.xlsx,Strength-Power,Lateral step down heel tap FCT
unresolved,lateral walk 3d strap,periodized_lifting.xlsx,Strength,Lateral Walk 3D Strap
unresolved,lateral walk 3d strap,periodized_lifting.xlsx,Strength,Lateral Walk 3D Strap
unresolved,lateral walk band forefoot,periodized_lifting.xlsx,Strength,Lateral Walk Band Forefoot
unresolved,lateral walk band forefoot,periodized_lifting.xlsx,Strength,Lateral Walk Band Forefoot
unresolved,lay back upper arm spiral feel,the_program.xlsx,Plyocare ,Lay back (upper arm spiral feel)
unresolved,lay back upper arm spiral feel,the_program.xlsx,Plyocare ,Lay back (upper arm spiral feel)
unresolved,lay back upper arm spiral feel,the_program.xlsx,Plyocare ,Lay back (upper arm spiral feel)
unresolved,levator scap,maintenance_plan.xlsx,Sheet1,Levator scap
unresolved,level 1,the_program.xlsx,Plyocare ,Level 1
unresolved,level 1,the_program.xlsx,Plyocare ,Level 1
unresolved,level 1,the_program.xlsx,Plyocare ,Level 1
unresolved,level 1,the_program.xlsx,Plyocare ,Level 1
unresolved,level 2,the_program.xlsx,Plyocare ,Level 2
unresolved,level 2,the_program.xlsx,Plyocare ,Level 2
unresolved,level 2,the_program.xlsx,Plyocare ,Level 2
unresolved,level 2,the_program.xlsx,Plyocare ,Level 2
unresolved,level 3,the_program.xlsx,Plyocare ,Level 3
unresolved,level 3,the_program.xlsx,Plyocare ,Level 3
unresolved,level 3,the_program.xlsx,Plyocare ,Level 3
unresolved,level 3,the_program.xlsx,Plyocare ,Level 3
unresolved,level 4,the_program.xlsx,Plyocare ,Level 4
unresolved,level 4,the_program.xlsx,Plyocare ,Level 4
unresolved,level 4,the_program.xlsx,Plyocare ,Level 4
unresolved,level 4,the_program.xlsx,Plyocare ,Level 4
unresolved,level 5,the_program.xlsx,Plyocare ,Level 5
unresolved,level 5,the_program.xlsx,Plyocare ,Level 5
unresolved,level 5,the_program.xlsx,Plyocare ,Level 5
unresolved,level 6,the_program.xlsx,Plyocare ,Level 6
unresolved,level 6,the_program.xlsx,Plyocare ,Level 6
unresolved,level 6,the_program.xlsx,Plyocare ,Level 6
unresolved,light toss 60 90,the_program.xlsx,Inseason SplitRoutine,Light toss 60-90
unresolved,light toss 60 90,the_program.xlsx,Inseason SplitRoutine,Light toss 60-90
unresolved,light toss 60 90 optional,the_program.xlsx,Inseason SplitRoutine,Light toss 60-90 (optional)
unresolved,light toss optional,the_program.xlsx,Inseason SplitRoutine,Light toss optional
unresolved,light toss optional,the_program.xlsx,Inseason SplitRoutine,Light toss optional
unresolved,light weight,periodized_lifting.xlsx,Hypertrophy,Light weight
unresolved,light weight controlled tempo,periodized_lifting.xlsx,Hypertrophy,Light weight controlled tempo
unresolved,loaded pec opener,periodized_lifting.xlsx,Hypertrophy,Loaded Pec Opener
unresolved,long toss extension to comfort,the_program.xlsx,Inseason SplitRoutine,Long toss extension to comfort
unresolved,long toss extension to comfort,the_program.xlsx,Inseason SplitRoutine,Long toss extension to comfort
unresolved,lunge to adductor th rotation hammy flexor,the_program.xlsx,Dynamic Warmup,Lunge to adductor - th rotation - hammy - flexor
unresolved,lunge to adductor th rotation hammy flexor,the_program.xlsx,Post Throw Stretch,Lunge to adductor - th rotation - hammy - flexor
unresolved,lunge to rdl,the_program.xlsx,Dynamic Warmup,lunge to RDL
unresolved,med ball power chest pass,periodized_lifting.xlsx,Strength-Power,Med ball power chest pass
unresolved,med ball power chest pass,periodized_lifting.xlsx,Strength-Power,Med ball power chest pass
unresolved,med ball power chest pass,periodized_lifting.xlsx,Strength-Power,Med ball power chest pass
unresolved,med ball power chest pass,periodized_lifting.xlsx,Strength-Power,Med ball power chest pass
unresolved,medial scap,maintenance_plan.xlsx,Sheet1,medial scap
unresolved,median nerve tension glide,maintenance_plan.xlsx,Sheet1,Median Nerve Tension/Glide
unresolved,mini a s fwd,the_program.xlsx,Dynamic Warmup,Mini A's fwd
unresolved,mini a s lateral,the_program.xlsx,Dynamic Warmup,mini A's lateral
unresolved,mobilize,maintenance_plan.xlsx,Sheet1,Mobilize
unresolved,mod sleeper,maintenance_plan.xlsx,Sheet1,Mod Sleeper
unresolved,mod sleeper vs wall,the_program.xlsx,Dugout Routines,Mod sleeper vs wall
unresolved,modified or bar pushup,periodized_lifting.xlsx,Hypertrophy,Modified or Bar Pushup
unresolved,modified position narrow to widefly on bar,periodized_lifting.xlsx,Strength,Modified position Narrow to widefly on bar
unresolved,modified position narrow to widefly on bar,periodized_lifting.xlsx,Strength,Modified position Narrow to widefly on bar
unresolved,modified pullup,periodized_lifting.xlsx,Strength,Modified Pullup
unresolved,modified pullup,periodized_lifting.xlsx,Strength,Modified Pullup
unresolved,modified pullup,periodized_lifting.xlsx,Strength,Modified Pullup
unresolved,modified pushup assissted pushup,periodized_lifting.xlsx,Hypertrophy,Modified pushup/Assissted Pushup
unresolved,narrow to wide fly pushup,periodized_lifting.xlsx,Strength,Narrow to wide fly pushup
unresolved,narrow to wide fly pushup,periodized_lifting.xlsx,Strength,Narrow to wide fly pushup
unresolved,narrow to wide fly pushup,periodized_lifting.xlsx,Strength-Power,Narrow to wide fly pushup
unresolved,narrow to wide fly pushup,periodized_lifting.xlsx,Strength-Power,Narrow to wide fly pushup
unresolved,narrow to wide fly pushup,periodized_lifting.xlsx,Strength-Power,Narrow to wide fly pushup
unresolved,narrow to wide fly pushup,periodized_lifting.xlsx,Strength-Power,Narrow to wide fly pushup
unresolved,nerve glide,the_program.xlsx,Arm Care Light ,nerve glide
unresolved,nerve tensioner,the_program.xlsx,Dugout Routines,Nerve tensioner
unresolved,no pushup with burpee,periodized_lifting.xlsx,Strength-Power,no pushup with burpee
unresolved,no pushup with burpee,periodized_lifting.xlsx,Strength-Power,no pushup with burpee
unresolved,no pushup with burpee,periodized_lifting.xlsx,Strength-Power,no pushup with burpee
unresolved,no pushup with burpee,periodized_lifting.xlsx,Strength-Power,no pushup with burpee
unresolved,oh soccer,periodized_lifting.xlsx,Strength,OH soccer
unresolved,oh soccer,periodized_lifting.xlsx,Strength,OH soccer
unresolved,oh soccer,periodized_lifting.xlsx,Strength,OH soccer
unresolved,oh soccer,periodized_lifting.xlsx,Strength,OH soccer
unresolved,oh soccer kneeling,periodized_lifting.xlsx,Strength,OH soccer Kneeling
unresolved,oh soccer kneeling,periodized_lifting.xlsx,Strength,OH soccer Kneeling
unresolved,oh soccer kneeling,periodized_lifting.xlsx,Strength,OH soccer Kneeling
unresolved,oh soccer kneeling,periodized_lifting.xlsx,Strength,OH soccer Kneeling
unresolved,open book hands on head,maintenance_plan.xlsx,Sheet1,Open book Hands on head
unresolved,open book pec stretch hold with lateral hamstring,the_program.xlsx,Post Throw Stretch,Open Book Pec stretch hold with lateral hamstring
unresolved,option 1,the_program.xlsx,Dynamic Warmup,Option 1
unresolved,option 2,the_program.xlsx,Dynamic Warmup,Option 2
unresolved,pad under bar,periodized_lifting.xlsx,Hypertrophy,pad under bar
unresolved,pallof posterior lunge,periodized_lifting.xlsx,Strength,Pallof Posterior Lunge
unresolved,pallof posterior lunge,periodized_lifting.xlsx,Strength,Pallof Posterior Lunge
unresolved,partner oh,periodized_lifting.xlsx,Strength-Power,Partner OH
unresolved,partner oh,periodized_lifting.xlsx,Strength-Power,Partner OH
unresolved,partner oh,periodized_lifting.xlsx,Strength-Power,Partner OH
unresolved,partner oh,periodized_lifting.xlsx,Strength-Power,Partner OH
unresolved,pec dribble,the_program.xlsx,Dugout Routines,Pec Dribble
unresolved,pec dribble,periodized_lifting.xlsx,Strength,Pec Dribble
unresolved,pec dribble,periodized_lifting.xlsx,Strength,Pec Dribble
unresolved,pec dribble,periodized_lifting.xlsx,Strength-Power,Pec Dribble
unresolved,pec dribble,periodized_lifting.xlsx,Strength-Power,Pec Dribble
unresolved,pec dribble,periodized_lifting.xlsx,Strength-Power,Pec Dribble
unresolved,pec dribble,periodized_lifting.xlsx,Strength-Power,Pec Dribble
unresolved,pec dribble,periodized_lifting.xlsx,Strength-Power,Pec Dribble
unresolved,pec dribble,periodized_lifting.xlsx,Strength-Power,Pec Dribble
unresolved,pec dribble,periodized_lifting.xlsx,Strength-Power,Pec Dribble
unresolved,pec dribble,periodized_lifting.xlsx,Strength-Power,Pec Dribble
unresolved,pec dribble,periodized_lifting.xlsx,Strength-Power,Pec Dribble
unresolved,pec dribble,periodized_lifting.xlsx,Strength-Power,Pec Dribble
unresolved,pec load throw,the_program.xlsx,Plyocare ,Pec Load Throw
unresolved,pec smash,maintenance_plan.xlsx,Sheet1,Pec Smash
unresolved,pigeon with wrist flexor,the_program.xlsx,Post Throw Stretch,Pigeon with wrist flexor
unresolved,plank saw,periodized_lifting.xlsx,Strength,Plank saw
unresolved,plank saw,periodized_lifting.xlsx,Strength,Plank saw
unresolved,plank saw,periodized_lifting.xlsx,Strength,Plank saw
unresolved,plank saw,periodized_lifting.xlsx,Strength,Plank saw
unresolved,plyocare routines,the_program.xlsx,Plyocare ,Plyocare Routines
unresolved,pnf pec fly,the_program.xlsx,Dynamic Warmup,pnf pec fly
unresolved,pogo to lateral bound,periodized_lifting.xlsx,Strength,Pogo to lateral bound
unresolved,pogo to lateral bound,periodized_lifting.xlsx,Strength,Pogo to lateral bound
unresolved,pogo to lateral bound,periodized_lifting.xlsx,Strength-Power,Pogo to lateral bound
unresolved,pogo to lateral bound,periodized_lifting.xlsx,Strength-Power,Pogo to lateral bound
unresolved,pogo to lateral bound,periodized_lifting.xlsx,Strength-Power,Pogo to lateral bound
unresolved,pogo to lateral bound,periodized_lifting.xlsx,Strength-Power,Pogo to lateral bound
unresolved,post throw day of,the_program.xlsx,Post Throw Stretch,Post Throw Day of
unresolved,posterior capsule hip rotation,the_program.xlsx,Arm Care Light ,Posterior capsule hip rotation
unresolved,posterior slide lunge,periodized_lifting.xlsx,Hypertrophy,Posterior slide lunge
unresolved,posterior slide lunge,periodized_lifting.xlsx,Hypertrophy,Posterior slide lunge
unresolved,posterior slide lunge,periodized_lifting.xlsx,Hypertrophy,Posterior slide lunge
unresolved,posterior slide lunge,periodized_lifting.xlsx,Strength,Posterior slide lunge
unresolved,posterior slide lunge,periodized_lifting.xlsx,Strength,Posterior slide lunge
unresolved,posterior slide lunge,periodized_lifting.xlsx,Strength,Posterior slide lunge
unresolved,posterior slide lunge,periodized_lifting.xlsx,Strength,Posterior slide lunge
unresolved,posterior slide lunge,periodized_lifting.xlsx,Strength-Power,Posterior slide lunge
unresolved,posterior slide lunge,periodized_lifting.xlsx,Strength-Power,Posterior slide lunge
unresolved,posterior slide lunge,periodized_lifting.xlsx,Strength-Power,Posterior slide lunge
unresolved,posterior slide lunge,periodized_lifting.xlsx,Strength-Power,Posterior slide lunge
unresolved,posterior slide med ball scoop,periodized_lifting.xlsx,Strength,Posterior slide med ball scoop
unresolved,posterior slide med ball scoop,periodized_lifting.xlsx,Strength,Posterior slide med ball scoop
unresolved,posterior sling cable chops,periodized_lifting.xlsx,Hypertrophy,Posterior Sling Cable Chops
unresolved,posterior sling cable chops,periodized_lifting.xlsx,Hypertrophy,Posterior Sling Cable Chops
unresolved,posterior sling cable chops,periodized_lifting.xlsx,Hypertrophy,Posterior Sling Cable Chops
unresolved,pre bullpen,the_program.xlsx,Plyocare ,Pre Bullpen
unresolved,prethrow prehitting,maintenance_plan.xlsx,Sheet1,Prethrow / Prehitting
unresolved,pronation,the_program.xlsx,Dugout Routines,Pronation
unresolved,pronator smash,maintenance_plan.xlsx,Sheet1,Pronator Smash
unresolved,prone scap focused row,periodized_lifting.xlsx,Hypertrophy,Prone Scap Focused Row
unresolved,prone scap focused row by,periodized_lifting.xlsx,Hypertrophy,Prone Scap Focused Row by
unresolved,proximal attachment pec fly,periodized_lifting.xlsx,Hypertrophy,Proximal Attachment Pec Fly
unresolved,proximal attachment pec fly,periodized_lifting.xlsx,Hypertrophy,Proximal Attachment Pec Fly
unresolved,pure neck stretch,maintenance_plan.xlsx,Sheet1,Pure neck stretch
unresolved,qb drop backs,the_program.xlsx,Plyocare ,QB drop backs
unresolved,qb drop backs,the_program.xlsx,Plyocare ,QB drop backs
unresolved,qb drop backs,the_program.xlsx,Plyocare ,QB drop backs
unresolved,rapid oh soccer,periodized_lifting.xlsx,Strength-Power,Rapid OH soccer
unresolved,rapid oh soccer,periodized_lifting.xlsx,Strength-Power,Rapid OH soccer
unresolved,rapid oh soccer,periodized_lifting.xlsx,Strength-Power,Rapid OH soccer
unresolved,rapid oh soccer,periodized_lifting.xlsx,Strength-Power,Rapid OH soccer
unresolved,rdl airplane,periodized_lifting.xlsx,Hypertrophy,RDL airplane
unresolved,rdl airplane,periodized_lifting.xlsx,Hypertrophy,RDL airplane
unresolved,rdl airplane,periodized_lifting.xlsx,Hypertrophy,RDL airplane
unresolved,rear foot elevated row with rotation,periodized_lifting.xlsx,Hypertrophy,Rear foot elevated row with rotation
unresolved,rear foot elevated row with rotation,periodized_lifting.xlsx,Hypertrophy,Rear foot elevated row with rotation
unresolved,rear foot elevated row with rotation,periodized_lifting.xlsx,Hypertrophy,Rear foot elevated row with rotation
unresolved,rear foot elevated row with rotation,periodized_lifting.xlsx,Strength,Rear foot elevated row with rotation
unresolved,rear foot elevated row with rotation,periodized_lifting.xlsx,Strength,Rear foot elevated row with rotation
unresolved,recoil slam to scoop,periodized_lifting.xlsx,Strength-Power,Recoil Slam to Scoop
unresolved,recoil slam to scoop,periodized_lifting.xlsx,Strength-Power,Recoil Slam to Scoop
unresolved,recoil slam to scoop,periodized_lifting.xlsx,Strength-Power,Recoil Slam to Scoop
unresolved,recoil slam to scoop,periodized_lifting.xlsx,Strength-Power,Recoil Slam to Scoop
unresolved,recovery throws,the_program.xlsx,Inseason SplitRoutine,Recovery throws
unresolved,recovery throws,the_program.xlsx,Inseason SplitRoutine,Recovery throws
unresolved,recovery throws,the_program.xlsx,Inseason SplitRoutine,Recovery Throws
unresolved,recovery throws,the_program.xlsx,Inseason SplitRoutine,Recovery Throws
unresolved,recovery throws,the_program.xlsx,Inseason SplitRoutine,Recovery throws
unresolved,recovery throws,the_program.xlsx,Inseason SplitRoutine,Recovery throws
unresolved,red yellow,the_program.xlsx,Plyocare ,red/yellow
unresolved,red yellow,the_program.xlsx,Plyocare ,red/yellow
unresolved,rep time,the_program.xlsx,Dugout Routines,Rep/Time
unresolved,rotational chest press,periodized_lifting.xlsx,Strength,Rotational Chest press
unresolved,rotational chest press,periodized_lifting.xlsx,Strength,Rotational Chest press
unresolved,rotational lat pull,periodized_lifting.xlsx,Strength-Power,Rotational lat pull
unresolved,rotational lat pull,periodized_lifting.xlsx,Strength-Power,Rotational lat pull
unresolved,rotational lat pull,periodized_lifting.xlsx,Strength-Power,Rotational lat pull
unresolved,rotational lat pull,periodized_lifting.xlsx,Strength-Power,Rotational lat pull
unresolved,rotational lat pull down,periodized_lifting.xlsx,Hypertrophy,Rotational lat pull down
unresolved,rotational lat pull down,periodized_lifting.xlsx,Hypertrophy,Rotational lat pull down
unresolved,rotational lat pull down,periodized_lifting.xlsx,Hypertrophy,Rotational lat pull down
unresolved,rotational lat pull down,periodized_lifting.xlsx,Strength,Rotational lat pull down
unresolved,rotational lat pull down,periodized_lifting.xlsx,Strength,Rotational lat pull down
unresolved,rotational rows,periodized_lifting.xlsx,Strength,Rotational Rows
unresolved,rotational rows,periodized_lifting.xlsx,Strength,Rotational Rows
unresolved,routine,the_program.xlsx,Plyocare ,Routine
unresolved,rtc,maintenance_plan.xlsx,Sheet1,RTC
unresolved,safety bar squat,periodized_lifting.xlsx,Hypertrophy,Safety Bar Squat
unresolved,safety bar squat,periodized_lifting.xlsx,Hypertrophy,Safety Bar Squat
unresolved,safety bar squat,periodized_lifting.xlsx,Hypertrophy,Safety Bar Squat
unresolved,safety bar squat,periodized_lifting.xlsx,Strength,Safety Bar Squat
unresolved,safety bar squat,periodized_lifting.xlsx,Strength,Safety Bar Squat
unresolved,scap 9090,the_program.xlsx,Dynamic Warmup,scap 9090
unresolved,scap focus row,periodized_lifting.xlsx,Strength,Scap focus row
unresolved,scap focus row,periodized_lifting.xlsx,Strength,Scap focus row
unresolved,scap focus row,periodized_lifting.xlsx,Strength,Scap focus row
unresolved,scap focus row,periodized_lifting.xlsx,Strength,Scap focus row
unresolved,scap focused row,periodized_lifting.xlsx,Strength-Power,Scap Focused Row
unresolved,scap focused row,periodized_lifting.xlsx,Strength-Power,Scap Focused Row
unresolved,scap focused row,periodized_lifting.xlsx,Strength-Power,Scap Focused Row
unresolved,scap focused row,periodized_lifting.xlsx,Strength-Power,Scap Focused Row
unresolved,scap retraction,the_program.xlsx,Dynamic Warmup,scap retraction
unresolved,scap ts,the_program.xlsx,Dynamic Warmup,scap ts
unresolved,scaption abduction,maintenance_plan.xlsx,Sheet1,Scaption abduction
unresolved,scaption contralateral hold,periodized_lifting.xlsx,Strength,Scaption Contralateral Hold
unresolved,scaption contralateral hold,periodized_lifting.xlsx,Strength,Scaption Contralateral Hold
unresolved,scaption er,periodized_lifting.xlsx,Hypertrophy,Scaption ER
unresolved,scaption er,periodized_lifting.xlsx,Hypertrophy,Scaption ER
unresolved,scaption er,periodized_lifting.xlsx,Hypertrophy,Scaption ER
unresolved,scaption er,periodized_lifting.xlsx,Strength,Scaption ER
unresolved,scaption er,periodized_lifting.xlsx,Strength,Scaption ER
unresolved,scissor jumps,periodized_lifting.xlsx,Strength,Scissor Jumps
unresolved,scissor jumps,periodized_lifting.xlsx,Strength,Scissor Jumps
unresolved,scoops,periodized_lifting.xlsx,Hypertrophy,Scoops
unresolved,scoops,periodized_lifting.xlsx,Hypertrophy,Scoops
unresolved,scorpian,the_program.xlsx,Arm Care Light ,Scorpian
unresolved,seated 90 roll,maintenance_plan.xlsx,Sheet1,Seated 90 roll
unresolved,seated lat pulldown,periodized_lifting.xlsx,Hypertrophy,Seated Lat Pulldown
unresolved,seated lat pulldown,periodized_lifting.xlsx,Hypertrophy,Seated Lat Pulldown
unresolved,seated lat pulldown,periodized_lifting.xlsx,Hypertrophy,Seated Lat Pulldown
unresolved,seated lat pulldown,periodized_lifting.xlsx,Strength,Seated Lat Pulldown
unresolved,seated t roll,maintenance_plan.xlsx,Sheet1,Seated T roll
unresolved,see week 1 comments,periodized_lifting.xlsx,Hypertrophy,SEE WEEK 1 COMMENTS
unresolved,see week 1 comments,periodized_lifting.xlsx,Hypertrophy,SEE WEEK 1 COMMENTS
unresolved,see week 1 comments,periodized_lifting.xlsx,Hypertrophy,SEE WEEK 1 COMMENTS
unresolved,see week 1 comments,periodized_lifting.xlsx,Hypertrophy,SEE WEEK 1 COMMENTS
unresolved,short box optional,the_program.xlsx,Inseason SplitRoutine,Short box (optional)
unresolved,short box optional,the_program.xlsx,Inseason SplitRoutine,Short box (optional)
unresolved,shuttle pass,periodized_lifting.xlsx,Hypertrophy,Shuttle Pass
unresolved,shuttle pass,periodized_lifting.xlsx,Hypertrophy,Shuttle Pass
unresolved,side to side,periodized_lifting.xlsx,Strength,Side to side
unresolved,side to side,periodized_lifting.xlsx,Strength,Side to side
unresolved,side to side,periodized_lifting.xlsx,Strength,Side to side
unresolved,side to side,periodized_lifting.xlsx,Strength,Side to side
unresolved,side to side,periodized_lifting.xlsx,Strength,Side to side
unresolved,side to side,periodized_lifting.xlsx,Strength,Side to side
unresolved,side to side,periodized_lifting.xlsx,Strength,Side to side
unresolved,side to side,periodized_lifting.xlsx,Strength,Side to side
unresolved,sidelying or prone eccentric decel,periodized_lifting.xlsx,Strength,Sidelying or prone eccentric decel
unresolved,sidelying or prone eccentric decel,periodized_lifting.xlsx,Strength,Sidelying or prone eccentric decel
unresolved,sidelying or prone eccentric decel,periodized_lifting.xlsx,Strength-Power,Sidelying or prone eccentric decel
unresolved,sidelying or prone eccentric decel,periodized_lifting.xlsx,Strength-Power,Sidelying or prone eccentric decel
unresolved,sidelying or prone eccentric decel,periodized_lifting.xlsx,Strength-Power,Sidelying or prone eccentric decel
unresolved,sidelying or prone eccentric decel,periodized_lifting.xlsx,Strength-Power,Sidelying or prone eccentric decel
unresolved,sidelying or prone eccentric decel,periodized_lifting.xlsx,Strength-Power,Sidelying or prone eccentric decel
unresolved,sidelying or prone eccentric decel,periodized_lifting.xlsx,Strength-Power,Sidelying or prone eccentric decel
unresolved,sidelying or with barbell,periodized_lifting.xlsx,Strength,Sidelying or with barbell
unresolved,sidelying or with barbell,periodized_lifting.xlsx,Strength,Sidelying or with barbell
unresolved,sidelying tricep extension,periodized_lifting.xlsx,Strength,Sidelying Tricep Extension
unresolved,sidelying tricep extension,periodized_lifting.xlsx,Strength,Sidelying Tricep Extension
unresolved,sidelying tricep extension,periodized_lifting.xlsx,Strength,Sidelying Tricep Extension
unresolved,sidelying tricep extension,periodized_lifting.xlsx,Strength,Sidelying Tricep Extension
unresolved,single leg,periodized_lifting.xlsx,Strength-Power,Single leg
unresolved,single leg,periodized_lifting.xlsx,Strength-Power,Single leg
unresolved,single leg,periodized_lifting.xlsx,Strength-Power,Single leg
unresolved,single leg,periodized_lifting.xlsx,Strength-Power,Single leg
unresolved,skater squat,periodized_lifting.xlsx,Hypertrophy,Skater squat
unresolved,skater squat,periodized_lifting.xlsx,Hypertrophy,Skater squat
unresolved,skater squat,periodized_lifting.xlsx,Hypertrophy,Skater squat
unresolved,skater squat,periodized_lifting.xlsx,Strength,Skater squat
unresolved,skater squat,periodized_lifting.xlsx,Strength,Skater squat
unresolved,skater squat,periodized_lifting.xlsx,Strength,Skater squat
unresolved,skater squat,periodized_lifting.xlsx,Strength,Skater squat
unresolved,skater squat,periodized_lifting.xlsx,Strength-Power,Skater squat
unresolved,skater squat,periodized_lifting.xlsx,Strength-Power,Skater squat
unresolved,skater squat,periodized_lifting.xlsx,Strength-Power,Skater squat
unresolved,skater squat,periodized_lifting.xlsx,Strength-Power,Skater squat
unresolved,sled sprint,periodized_lifting.xlsx,Strength,sled sprint
unresolved,sled sprint,periodized_lifting.xlsx,Strength,sled sprint
unresolved,sled sprint,periodized_lifting.xlsx,Strength-Power,sled sprint
unresolved,sled sprint,periodized_lifting.xlsx,Strength-Power,sled sprint
unresolved,sled sprint,periodized_lifting.xlsx,Strength-Power,sled sprint
unresolved,sled sprint,periodized_lifting.xlsx,Strength-Power,sled sprint
unresolved,sliders or sb,periodized_lifting.xlsx,Strength,Sliders or SB
unresolved,sliders or sb,periodized_lifting.xlsx,Strength,Sliders or SB
unresolved,sls rotational taps,periodized_lifting.xlsx,Strength-Power,SLS rotational taps
unresolved,sls rotational taps,periodized_lifting.xlsx,Strength-Power,SLS rotational taps
unresolved,sls rotational taps,periodized_lifting.xlsx,Strength-Power,SLS rotational taps
unresolved,sls rotational taps,periodized_lifting.xlsx,Strength-Power,SLS rotational taps
unresolved,smooth,the_program.xlsx,Plyocare ,smooth
unresolved,smooth,the_program.xlsx,Plyocare ,smooth
unresolved,smooth,the_program.xlsx,Plyocare ,smooth
unresolved,smooth,the_program.xlsx,Plyocare ,smooth
unresolved,smooth,the_program.xlsx,Plyocare ,smooth
unresolved,smooth,the_program.xlsx,Plyocare ,smooth
unresolved,sock throws,the_program.xlsx,Plyocare ,sock throws
unresolved,soft tissue,maintenance_plan.xlsx,Sheet1,Soft Tissue
unresolved,soft tissue work first as needed,the_program.xlsx,Arm Care Light ,Soft Tissue Work first (as needed)
unresolved,soft tissue work first as needed,the_program.xlsx,Arm Care Heavy,Soft tissue work first (as needed)
unresolved,split stance chest press,periodized_lifting.xlsx,Strength,Split stance chest press
unresolved,split stance chest press,periodized_lifting.xlsx,Strength,Split stance chest press
unresolved,split stance pallof press,periodized_lifting.xlsx,Hypertrophy,Split stance pallof press
unresolved,split stance pallof press,periodized_lifting.xlsx,Hypertrophy,Split stance pallof press
unresolved,split stance pallof press,periodized_lifting.xlsx,Hypertrophy,Split stance pallof press
unresolved,sprinter start position,periodized_lifting.xlsx,Strength-Power,Sprinter start position
unresolved,sprinter start position,periodized_lifting.xlsx,Strength-Power,Sprinter start position
unresolved,sprinter start position,periodized_lifting.xlsx,Strength-Power,Sprinter start position
unresolved,sprinter start position,periodized_lifting.xlsx,Strength-Power,Sprinter start position
unresolved,squat snow holds,periodized_lifting.xlsx,Hypertrophy,Squat Snow holds
unresolved,squat snow holds,periodized_lifting.xlsx,Hypertrophy,Squat Snow holds
unresolved,squat snow holds,periodized_lifting.xlsx,Hypertrophy,Squat Snow holds
unresolved,ss w,periodized_lifting.xlsx,Strength,ss w
unresolved,ss w,periodized_lifting.xlsx,Strength,ss w
unresolved,ss w,periodized_lifting.xlsx,Strength,ss w
unresolved,ss w,periodized_lifting.xlsx,Strength,ss w
unresolved,ss w,periodized_lifting.xlsx,Strength,ss w
unresolved,ss w,periodized_lifting.xlsx,Strength,ss w
unresolved,staggered back slam to sagittal slam,periodized_lifting.xlsx,Strength-Power,Staggered back slam to sagittal slam
unresolved,staggered back slam to sagittal slam,periodized_lifting.xlsx,Strength-Power,Staggered back slam to sagittal slam
unresolved,staggered back slam to sagittal slam,periodized_lifting.xlsx,Strength-Power,Staggered back slam to sagittal slam
unresolved,staggered back slam to sagittal slam,periodized_lifting.xlsx,Strength-Power,Staggered back slam to sagittal slam
unresolved,staggered press,periodized_lifting.xlsx,Strength-Power,Staggered press
unresolved,staggered press,periodized_lifting.xlsx,Strength-Power,Staggered press
unresolved,staggered press,periodized_lifting.xlsx,Strength-Power,Staggered press
unresolved,staggered press,periodized_lifting.xlsx,Strength-Power,Staggered press
unresolved,star plank,periodized_lifting.xlsx,Hypertrophy,Star plank
unresolved,step stretch,the_program.xlsx,Plyocare ,Step stretch
unresolved,step stretch,the_program.xlsx,Plyocare ,Step stretch
unresolved,step stretch,the_program.xlsx,Plyocare ,Step stretch
unresolved,strength a,periodized_lifting.xlsx,Strength,Strength A
unresolved,strength a,periodized_lifting.xlsx,Strength,Strength A
unresolved,strength b,periodized_lifting.xlsx,Strength,Strength B
unresolved,strength b,periodized_lifting.xlsx,Strength,Strength B
unresolved,sumo goblet,periodized_lifting.xlsx,Hypertrophy,Sumo Goblet
unresolved,sumo goblet,periodized_lifting.xlsx,Strength,Sumo Goblet
unresolved,sumo goblet,periodized_lifting.xlsx,Strength,Sumo Goblet
unresolved,sumo goblet sumo landmine,periodized_lifting.xlsx,Hypertrophy,Sumo Goblet/sumo landmine
unresolved,sumo landmine squat,periodized_lifting.xlsx,Hypertrophy,Sumo Landmine Squat
unresolved,superset columb,the_program.xlsx,Arm Care Heavy,Superset columb
unresolved,supine pec stretch,maintenance_plan.xlsx,Sheet1,Supine pec stretch
unresolved,swing over gate walk it fwd then plyo backward,the_program.xlsx,Dynamic Warmup,Swing over gate (walk it fwd then plyo backward)
unresolved,t to abduction,the_program.xlsx,Dugout Routines,T to abduction
unresolved,tabata kb swings,periodized_lifting.xlsx,Strength,Tabata KB Swings
unresolved,tabata kb swings,periodized_lifting.xlsx,Strength,Tabata KB Swings
unresolved,take time standing,periodized_lifting.xlsx,Strength,Take time standing
unresolved,take time standing,periodized_lifting.xlsx,Strength,Take time standing
unresolved,tall kneeling ecc pec fly,periodized_lifting.xlsx,Strength,Tall Kneeling Ecc Pec Fly
unresolved,tall kneeling ecc pec fly,periodized_lifting.xlsx,Strength,Tall Kneeling Ecc Pec Fly
unresolved,tall kneeling eccentric pec fly,periodized_lifting.xlsx,Hypertrophy,Tall kneeling Eccentric Pec Fly
unresolved,tall kneeling eccentric pec fly,periodized_lifting.xlsx,Hypertrophy,Tall kneeling Eccentric Pec Fly
unresolved,tall kneeling press ups,periodized_lifting.xlsx,Hypertrophy,Tall kneeling Press Ups
unresolved,tall kneeling scapular 9090,the_program.xlsx,Arm Care Heavy,Tall kneeling scapular 9090
unresolved,tall kneeling scapular retraction up,the_program.xlsx,Arm Care Heavy,Tall kneeling scapular retraction up
unresolved,tall kneeling scapular t,the_program.xlsx,Arm Care Heavy,Tall kneeling scapular T
unresolved,tempo pushup,periodized_lifting.xlsx,Strength,Tempo Pushup
unresolved,tempo pushup,periodized_lifting.xlsx,Strength,Tempo Pushup
unresolved,thoracic rockback,maintenance_plan.xlsx,Sheet1,Thoracic rockback
unresolved,to tolerance,the_program.xlsx,Plyocare ,to tolerance
unresolved,tricep kickback,the_program.xlsx,Dynamic Warmup,tricep kickback
unresolved,tricep kickback,periodized_lifting.xlsx,Strength,Tricep Kickback
unresolved,tricep kickback,periodized_lifting.xlsx,Strength,Tricep Kickback
unresolved,tricep kickback ud,the_program.xlsx,Dugout Routines,Tricep kickback UD
unresolved,trx ecc 9090,periodized_lifting.xlsx,Strength,TRX Ecc 9090
unresolved,trx ecc 9090,periodized_lifting.xlsx,Strength,TRX Ecc 9090
unresolved,trx ecc pushup,periodized_lifting.xlsx,Strength,TRX Ecc Pushup
unresolved,trx ecc t,periodized_lifting.xlsx,Strength,TRX Ecc T
unresolved,trx ecc t,periodized_lifting.xlsx,Strength,TRX Ecc T
unresolved,trx eccentric pec lower,periodized_lifting.xlsx,Strength,TRX Eccentric Pec lower
unresolved,trx eccentric ts,periodized_lifting.xlsx,Strength,Trx eccentric Ts
unresolved,trx eccentric ts,periodized_lifting.xlsx,Strength,Trx eccentric Ts
unresolved,trx eccentric ts,periodized_lifting.xlsx,Strength,Trx eccentric Ts
unresolved,trx eccentric ts,periodized_lifting.xlsx,Strength,Trx eccentric Ts
unresolved,ulnar nerve tension,maintenance_plan.xlsx,Sheet1,Ulnar nerve tension
unresolved,ulnar nerve tension glide,maintenance_plan.xlsx,Sheet1,Ulnar Nerve Tension/Glide
unresolved,use mobility bands crossed,periodized_lifting.xlsx,Hypertrophy,Use Mobility bands crossed
unresolved,use mobility bands crossed,periodized_lifting.xlsx,Hypertrophy,Use Mobility bands crossed
unresolved,velo plyo,the_program.xlsx,Plyocare ,Velo plyo
unresolved,wall angel,maintenance_plan.xlsx,Sheet1,Wall angel
unresolved,wall or bar pushup,periodized_lifting.xlsx,Hypertrophy,Wall or bar pushup
unresolved,wall or bar pushup,periodized_lifting.xlsx,Hypertrophy,Wall or bar pushup
unresolved,wall pushups,periodized_lifting.xlsx,Hypertrophy,Wall Pushups
unresolved,wall pushups,periodized_lifting.xlsx,Hypertrophy,Wall Pushups
unresolved,wall sit serratus scoop or modified plank saw,periodized_lifting.xlsx,Hypertrophy,Wall sit serratus scoop or modified plank saw
unresolved,wall sit serratus scoop or modified plank saw,periodized_lifting.xlsx,Hypertrophy,Wall sit serratus scoop or modified plank saw
unresolved,work over the ankle,periodized_lifting.xlsx,Hypertrophy,Work over the ankle
unresolved,workout,the_program.xlsx,Inseason SplitRoutine,Workout
unresolved,workout,the_program.xlsx,Inseason SplitRoutine,Workout
unresolved,workout,the_program.xlsx,Inseason SplitRoutine,Workout
unresolved,workout,the_program.xlsx,Inseason SplitRoutine,Workout
unresolved,workout,the_program.xlsx,Inseason SplitRoutine,Workout
unresolved,workout,the_program.xlsx,Inseason SplitRoutine,Workout
unresolved,workout,the_program.xlsx,Inseason SplitRoutine,Workout
unresolved,workout,the_program.xlsx,Inseason SplitRoutine,Workout
unresolved,workout optional,the_program.xlsx,Inseason SplitRoutine,Workout optional
unresolved,worlds greatest,the_program.xlsx,Arm Care Light ,Worlds greatest
